Date,Open,High,Low,Close,Volume,AdjClose
12/26/2011,5512.7,5512.7,5512.7,5512.7,0,5512.7
12/19/2011,5387.3,5516.6,5328.7,5512.7,606287000,5512.7
12/12/2011,5529.2,5529.2,5366.8,5387.3,899254100,5387.3
12/5/2011,5552.3,5631.9,5440.9,5529.2,887799200,5529.2
11/28/2011,5164.7,5595.5,5164.7,5552.3,1052575300,5552.3
11/21/2011,5362.9,5362.9,5075.2,5164.7,893389900,5164.7
11/14/2011,5545.4,5575.2,5347.9,5362.9,871221600,5362.9
11/7/2011,5527.2,5616,5360.2,5545.4,841111700,5545.4
10/31/2011,5702.2,5702.2,5338.4,5527.2,1172846700,5527.2
10/24/2011,5488.7,5747.3,5465.5,5702.2,922305000,5702.2
10/17/2011,5466.4,5543.7,5348.6,5488.7,745046100,5488.7
10/10/2011,5303.4,5501.4,5303.4,5466.4,730032600,5466.4
10/3/2011,5128.5,5370.9,4868.6,5303.4,977658000,5303.4
9/26/2011,5066.8,5314.3,4974,5128.5,870634800,5128.5
9/19/2011,5368.4,5377.4,4928.1,5066.8,881251400,5066.8
9/12/2011,5214.7,5406.1,5059.2,5368.4,1119971200,5368.4
9/5/2011,5292,5369.8,5086.8,5214.7,908817800,5214.7
8/29/2011,5129.9,5449.7,5129.9,5292,777543800,5292
8/22/2011,5040.8,5254.2,4993.3,5129.9,967353700,5129.9
8/15/2011,5320,5377.2,4929.6,5040.8,962687700,5040.8
8/8/2011,5247,5320,4791,5320,1548970500,5320
8/1/2011,5815.2,5913.5,5202.6,5247,1285360500,5247
7/25/2011,5935,5951.3,5772.4,5815.2,764509000,5815.2
7/18/2011,5843.7,5966.8,5752.8,5935,917334900,5935
7/11/2011,5990.6,5998.6,5793,5843.7,835325700,5843.7
7/4/2011,5989.8,6084.1,5973.8,5990.6,710692300,5990.6
6/27/2011,5697.7,5999,5679.6,5989.8,927093200,5989.8
6/20/2011,5714.9,5789.1,5647.2,5697.7,833523600,5697.7
6/13/2011,5765.8,5822.6,5644.4,5714.9,903330400,5714.9
6/6/2011,5855,5890.6,5758.3,5765.8,786536900,5765.8
5/30/2011,5938.9,6010,5802.7,5855,723643000,5855
5/23/2011,5948.5,5951.4,5810.5,5938.9,883513000,5938.9
5/16/2011,5925.9,6017.6,5860.7,5948.5,778732800,5948.5
5/9/2011,5976.8,6040.2,5882.4,5925.9,807136100,5925.9
5/2/2011,6069.9,6103.7,5871.6,5976.8,914154000,5976.8
4/25/2011,6018.3,6091.8,6007,6069.9,400348200,6069.9
4/18/2011,5996,6049.4,5858.3,6018.3,588337100,6018.3
4/11/2011,6055.8,6070.8,5943.8,5996,711884300,5996
4/4/2011,6009.9,6066.4,5987.7,6055.8,705054500,6055.8
3/28/2011,5900.8,6014.8,5879.9,6009.9,804506600,6009.9
3/21/2011,5718.1,5918.7,5718.1,5900.8,769789900,5900.8
3/14/2011,5828.7,5842,5591.6,5718.1,1107143800,5718.1
3/7/2011,5990.4,6043.1,5796.4,5828.7,784559400,5828.7
2/28/2011,6001.2,6052.1,5865.9,5990.4,856392900,5990.4
2/21/2011,6083,6105.8,5861,6001.2,814163600,6001.2
2/14/2011,6062.9,6101.4,6023.8,6083,838226700,6083
2/7/2011,5997.4,6091.3,5973.4,6062.9,824253400,6062.9
1/31/2011,5881.4,6023.4,5815.4,5997.4,914044100,5997.4
1/24/2011,5896.3,6003.3,5877.9,5881.4,924081200,5881.4
1/17/2011,6002.1,6077.1,5867.3,5896.3,902276800,5896.3
1/10/2011,5984.3,6055.5,5939.9,6002.1,863833800,6002.1
1/3/2011,5899.9,6090.5,5899.9,5984.3,691750000,5984.3
12/27/2010,6008.9,6021.5,5899.9,5899.9,155777100,5899.9
12/20/2010,5871.8,6008.9,5865.5,6008.9,397233400,6008.9
12/13/2010,5813,5907.1,5812.9,5871.8,815203900,5871.8
12/6/2010,5745.3,5850.4,5728.5,5813,798777400,5813
11/29/2010,5668.7,5784.3,5519.2,5745.3,1059766700,5745.3
11/22/2010,5732.8,5783.1,5573.3,5668.7,825700500,5668.7
11/15/2010,5796.9,5832.9,5659.7,5732.8,743193300,5732.8
11/8/2010,5875.4,5902.1,5711.7,5796.9,947896800,5796.9
11/1/2010,5675.2,5899.4,5667.4,5875.4,891758500,5875.4
10/25/2010,5741.4,5794.3,5630.9,5675.2,795296500,5675.2
10/18/2010,5703.4,5786.7,5670.1,5741.4,747954800,5741.4
10/11/2010,5657.6,5770.9,5597.5,5703.4,842049700,5703.4
10/4/2010,5592.9,5707.3,5550.6,5657.6,837057900,5657.6
9/27/2010,5598.5,5650.3,5506.1,5592.9,818211100,5592.9
9/20/2010,5508.5,5635.7,5471.7,5598.5,760933000,5598.5
9/13/2010,5501.6,5612.9,5501.6,5508.5,895083500,5508.5
9/6/2010,5428.2,5511.5,5361.4,5501.6,752231900,5501.6
8/30/2010,5201.6,5454,5129.7,5428.2,744615100,5428.2
8/23/2010,5195.3,5268.4,5070.9,5201.6,757734200,5201.6
8/16/2010,5275.4,5351.5,5160.4,5195.3,722527900,5195.3
8/9/2010,5332.4,5418.6,5210.6,5275.4,891440800,5275.4
8/2/2010,5258,5416.8,5258,5332.4,1038322500,5332.4
7/26/2010,5312.6,5411.5,5245.5,5258,1079736700,5258
7/19/2010,5158.9,5328.5,5090.6,5312.6,875829600,5312.6
7/12/2010,5132.9,5287.3,5128.6,5158.9,851213500,5158.9
7/5/2010,4838.1,5150.6,4821.1,5132.9,902338000,5132.9
6/28/2010,5046.5,5085.7,4790,4838.1,1104135000,4838.1
6/21/2010,5250.8,5331.5,5031.7,5046.5,1006308900,5046.5
6/14/2010,5163.7,5293.8,5149.1,5250.8,1129371200,5250.8
6/7/2010,5126,5184.4,4984.7,5163.7,1132280200,5163.7
5/31/2010,5188.4,5262.5,5063.2,5126,984657300,5126
5/24/2010,5062.9,5240.3,4898.5,5188.4,1488437600,5188.4
5/17/2010,5262.9,5341.4,4957.1,5062.9,1481922300,5062.9
5/10/2010,5123,5436,5123,5262.9,1516095500,5262.9
5/3/2010,5553.3,5566,5045.3,5123,1638410100,5123
4/26/2010,5723.7,5800.7,5533.6,5553.3,1406120700,5553.3
4/19/2010,5744,5797,5652.4,5723.7,1052427400,5723.7
4/12/2010,5771,5833.7,5726.4,5744,959491100,5744
4/5/2010,5744.9,5790.4,5684.5,5771,639707500,5771
3/29/2010,5703,5744.9,5646.3,5744.9,771947600,5744.9
3/22/2010,5650.1,5737.1,5583.5,5703,1020908500,5703
3/15/2010,5625.7,5691.2,5588.2,5650.1,1207055100,5650.1
3/8/2010,5599.8,5646.7,5563.1,5625.7,1002335200,5625.7
3/1/2010,5354.5,5605.4,5354.5,5599.8,1165543500,5599.8
2/22/2010,5358.2,5395.5,5259.7,5354.5,1326192900,5354.5
2/15/2010,5142.5,5366.1,5142.5,5358.2,1065989800,5358.2
2/8/2010,5060.9,5207.7,5033,5142.5,1331023100,5142.5
2/1/2010,5188.5,5305.4,5033.8,5060.9,1367481300,5060.9
1/25/2010,5303,5330.6,5145.7,5188.5,1177661900,5188.5
1/18/2010,5455.4,5531.9,5253,5303,1215028100,5303
1/11/2010,5534.2,5600.5,5450.4,5455.4,1075998700,5455.4
1/4/2010,5412.9,5551.7,5410.8,5534.2,1013578500,5534.2
12/28/2009,5402.4,5445.2,5390.4,5412.9,181493000,5412.9
12/21/2009,5196.8,5402.4,5196.8,5402.4,412137500,5402.4
12/14/2009,5261.6,5335.3,5196.8,5196.8,1219397700,5196.8
12/7/2009,5322.4,5328.8,5175.7,5261.6,1133649600,5261.6
11/30/2009,5245.7,5373.9,5190.7,5322.4,1395415200,5322.4
11/23/2009,5251.4,5379.5,5103.8,5245.7,1100072500,5245.7
11/16/2009,5296.4,5397,5224,5251.4,960961400,5251.4
11/9/2009,5142.7,5304.9,5142.7,5296.4,971316400,5296.4
11/2/2009,5044.6,5159,4985.1,5142.7,1077120700,5142.7
10/26/2009,5242.6,5281.1,5024.4,5044.6,1309022800,5044.6
10/19/2009,5190.2,5299.6,5166.5,5242.6,1007139600,5242.6
10/12/2009,5161.9,5272.9,5154.2,5190.2,1081184900,5190.2
10/5/2009,4988.7,5172.8,4976.9,5161.9,1003263500,5161.9
9/28/2009,5082.2,5190,4955,4988.7,1098894500,4988.7
9/21/2009,5172.9,5189.9,5073.4,5082.2,980211400,5082.2
9/14/2009,5011.5,5183.9,4953.7,5172.9,1067795700,5172.9
9/7/2009,4851.7,5038.8,4851.7,5011.5,980385500,5011.5
8/31/2009,4908.9,4921.2,4776.5,4851.7,865733400,4851.7
8/24/2009,4850.9,4944.2,4850.9,4908.9,967188700,4908.9
8/17/2009,4714,4858.5,4610.3,4850.9,914072700,4850.9
8/10/2009,4731.6,4790.2,4631.7,4714,967857300,4714
8/3/2009,4608.4,4743.6,4595.6,4731.6,1274186600,4731.6
7/27/2009,4576.6,4646.9,4512.1,4608.4,1003250600,4608.4
7/20/2009,4388.8,4603.2,4388.8,4576.6,1042546500,4576.6
7/13/2009,4127.2,4411.9,4096.1,4388.8,923775600,4388.8
7/6/2009,4236.3,4242.1,4123.5,4127.2,897822300,4127.2
6/29/2009,4241,4353,4221.2,4236.3,1147454300,4236.3
6/22/2009,4345.9,4345.9,4213.4,4241,1081871300,4241
6/15/2009,4442,4442,4239.7,4345.9,1273009700,4345.9
6/8/2009,4438.6,4505.9,4370.6,4442,1091140300,4442
6/1/2009,4417.9,4517.6,4359.3,4438.6,1156214600,4438.6
5/25/2009,4365.3,4469.4,4295,4417.9,783498100,4417.9
5/18/2009,4348.1,4512.7,4307.7,4365.3,1177754800,4365.3
5/11/2009,4462.1,4470.1,4295.2,4348.1,1218102300,4348.1
5/4/2009,4243.2,4520.8,4243.2,4462.1,1285782900,4462.1
4/27/2009,4156,4293.6,4058.7,4243.2,1037284200,4243.2
4/20/2009,4092.8,4156,3897.3,4156,1270726200,4156
4/13/2009,3983.7,4114.3,3939.6,4092.8,1077930100,4092.8
4/6/2009,4029.7,4097.2,3876.1,3983.7,901463300,3983.7
3/30/2009,3898.9,4137.9,3762.9,4029.7,1408565000,4029.7
3/23/2009,3842.9,3992.4,3842.9,3898.9,1415448500,3898.9
3/16/2009,3753.7,3912.6,3753.7,3842.9,1546568100,3842.9
3/9/2009,3530.7,3816,3460.7,3753.7,1506909800,3753.7
3/2/2009,3830.1,3830.1,3492.1,3530.7,1486878900,3530.7
2/23/2009,3889.1,3960,3760.7,3830.1,1399772100,3830.1
2/16/2009,4189.6,4189.6,3877.8,3889.1,1148681700,3889.1
2/9/2009,4291.9,4334,4135.1,4189.6,1207573800,4189.6
2/2/2009,4149.6,4330.7,4036.9,4291.9,1168016900,4291.9
1/26/2009,4052.5,4317.6,4039.4,4149.6,1477453300,4149.6
1/19/2009,4147.1,4251.9,3956.7,4052.5,1829941400,4052.5
1/12/2009,4448.5,4471.3,4090.9,4147.1,1130197500,4147.1
1/5/2009,4561.8,4675.7,4410.5,4448.5,966973700,4448.5
12/29/2008,4216.6,4561.8,4216.6,4561.8,304129600,4561.8
12/22/2008,4286.9,4307.1,4205.2,4216.6,306583000,4216.6
12/15/2008,4280.4,4352.7,4200.7,4286.9,1120505900,4286.9
12/8/2008,4049.4,4430.3,4049.4,4280.4,1120461400,4280.4
12/1/2008,4288,4288,3973.3,4049.4,1243389100,4049.4
11/24/2008,3781,4288,3781,4288,1285441700,4288
11/17/2008,4233,4236.4,3734.1,3781,1396788600,3781
11/10/2008,4365,4524.9,4079.6,4233,1300622600,4233
11/3/2008,4377.3,4639.5,4260.3,4365,1371375400,4365
10/27/2008,3883.4,4383.9,3665.2,4377.3,1540345000,4377.3
10/20/2008,4063,4347.7,3715.2,3883.4,1494191200,3883.4
10/13/2008,3932.1,4534.4,3808.1,4063,1941834000,4063
10/6/2008,4980.3,4980.3,3874,3932.1,2024543900,3932.1
9/29/2008,5088.5,5088.5,4671,4980.3,1539306700,4980.3
9/22/2008,5311.3,5339.3,5057.3,5088.5,1321229400,5088.5
9/15/2008,5416.7,5416.7,4857.1,5311.3,2134623400,5311.3
9/8/2008,5240.7,5524.8,5240.7,5416.7,1444318200,5416.7
9/1/2008,5636.6,5646.5,5227.6,5240.7,1254107400,5240.7
8/25/2008,5505.6,5649.1,5369.3,5636.6,810096600,5636.6
8/18/2008,5454.8,5505.6,5311.4,5505.6,1002162800,5505.6
8/11/2008,5489.2,5569.2,5432.2,5454.8,1172704500,5454.8
8/4/2008,5354.7,5539.3,5299.7,5489.2,1446033400,5489.2
7/28/2008,5352.6,5456.1,5261.4,5354.7,1430400800,5354.7
7/21/2008,5376.4,5467.2,5282.8,5352.6,1812153900,5352.6
7/14/2008,5261.6,5376.4,5071.1,5376.4,1918943000,5376.4
7/7/2008,5412.8,5538.2,5261.6,5261.6,1475989000,5261.6
6/30/2008,5529.9,5625.9,5358.5,5412.8,1539292100,5412.8
6/23/2008,5620.8,5693.8,5470.9,5530,1539484600,5530
6/16/2008,5802.8,5930.3,5597,5620.8,1403394500,5620.8
6/9/2008,5902.9,5938.5,5708.3,5802.8,1560395300,5802.8
6/2/2008,6053.5,6074.5,5906.5,5906.8,1406126100,5906.8
5/26/2008,6087.3,6141.7,6041.1,6053.5,1133659000,6053.5
5/19/2008,6304.3,6377,6087.3,6087.3,1300205900,6087.3
5/12/2008,6204.7,6348.6,6142.3,6304.3,1044474300,6304.3
5/5/2008,6215.5,6275,6155.9,6204.7,827145300,6204.7
4/28/2008,6091.4,6223.9,6035.8,6215.5,942818300,6215.5
4/21/2008,6056.5,6098.8,5951.9,6091.4,1171103500,6091.4
4/14/2008,5895.5,6086.4,5827,6056.6,1274777300,6056.6
4/7/2008,5947.1,6016.3,5866.1,5895.5,1059335100,5895.5
3/31/2008,5692.9,5948,5585.6,5947.1,1237400100,5947.1
3/24/2008,5495.2,5747.2,5495.2,5692.9,1185229800,5692.9
3/17/2008,5631.7,5653.6,5414.4,5495.2,1596708900,5495.2
3/10/2008,5699.9,5812.7,5595.8,5631.7,1532970800,5631.7
3/3/2008,5884.3,5884.3,5655.7,5699.9,1453799600,5699.9
2/25/2008,5888.5,6104.5,5859.3,5884.3,1423116000,5884.3
2/18/2008,5787.6,6033.7,5787.6,5888.5,1254305000,5888.5
2/11/2008,5784,5938.5,5681.5,5787.6,1297086400,5787.6
2/4/2008,6029.2,6071.3,5703.1,5784,1349053600,5784
1/28/2008,5869,6044.9,5689.4,6029.2,1435925300,6029.2
1/21/2008,5901.7,5973.3,5338.7,5869,2034920900,5869
1/14/2008,6202,6247.3,5856.8,5901.7,1672622000,5901.7
1/7/2008,6348.5,6399.6,6147,6202,1537272400,6202
12/31/2007,6476.9,6534.7,6333.2,6348.5,596580000,6348.5
12/24/2007,6434.1,6504.7,6431.2,6476.9,209270700,6476.9
12/17/2007,6397,6451.8,6251.8,6434.1,1215729800,6434.1
12/10/2007,6554.9,6610.9,6336.7,6397,1191258700,6397
12/3/2007,6432.5,6591.8,6289.3,6554.9,1265777300,6554.9
11/26/2007,6262.1,6455.8,6061.8,6432.5,1462425000,6432.5
11/19/2007,6291.2,6331.7,6026.9,6262.1,1343779100,6262.1
11/12/2007,6304.9,6465.4,6268.6,6291.2,1478302000,6291.2
11/5/2007,6530.6,6530.6,6268.9,6304.9,1581477300,6304.9
10/29/2007,6661.3,6726.9,6483.4,6530.6,1583133100,6530.6
10/22/2007,6527.9,6684.1,6413.4,6661.3,1779117900,6661.3
10/15/2007,6730.7,6751.7,6523.6,6527.9,1821356600,6527.9
10/8/2007,6595.8,6730.7,6527.5,6730.7,1873540800,6730.7
10/1/2007,6466.8,6605.1,6419.2,6595.8,1875460000,6595.8
9/24/2007,6456.7,6508,6367,6466.8,2024637600,6466.8
9/17/2007,6289.3,6512.4,6158.8,6456.7,2073745500,6456.7
9/10/2007,6191.2,6374.5,6123.1,6289.3,1623375400,6289.3
9/3/2007,6303.3,6390.5,6179.1,6191.2,1424691900,6191.2
8/27/2007,6220.1,6309.5,6056.5,6303.3,1092590500,6303.3
8/20/2007,6064.2,6287.2,6031.8,6220.1,1508143200,6220.1
8/13/2007,6038.3,6264.9,5821.7,6064.2,1962416700,6064.2
8/6/2007,6224.3,6406.3,6038.3,6038.3,1979806000,6038.3
7/30/2007,6215.2,6361.1,6186.2,6224.3,1969148200,6224.3
7/23/2007,6585.2,6624.4,6192.3,6215.2,1896018800,6215.2
7/16/2007,6716.7,6735.8,6567.1,6585.2,1700314700,6585.2
7/9/2007,6690.1,6754.1,6574.2,6716.7,1613114400,6716.7
7/2/2007,6607.9,6691.8,6570.5,6690.1,1672508400,6690.1
6/25/2007,6567.4,6607.9,6496.4,6607.9,2042618800,6607.9
6/18/2007,6732.4,6751.3,6562.2,6567.4,1778245600,6567.4
6/11/2007,6505.1,6734.2,6483.6,6732.4,1874489400,6732.4
6/4/2007,6676.7,6686.6,6451.4,6505.1,1878886100,6505.1
5/28/2007,6570.6,6676.7,6533.5,6676.7,1601839800,6676.7
5/21/2007,6640.9,6675,6532.5,6570.6,1927896900,6570.6
5/14/2007,6565.7,6656.3,6530.3,6640.9,1834089700,6640.9
5/7/2007,6603.7,6603.7,6451.9,6565.7,1578734500,6565.7
4/30/2007,6418.7,6614.7,6395.5,6603.7,1693119400,6603.7
4/23/2007,6486.8,6511.1,6408.4,6418.7,1823239300,6418.7
4/16/2007,6462.4,6516.2,6386.2,6486.8,1628624100,6486.8
4/9/2007,6397.3,6462.4,6376.4,6462.4,1321384900,6462.4
4/2/2007,6308,6398.7,6293.9,6397.3,1259967800,6397.3
3/26/2007,6339.4,6355.3,6250.1,6308,1676859600,6308
3/19/2007,6130.6,6350.4,6130.6,6339.4,1989156100,6339.4
3/12/2007,6245.2,6276.3,6000.7,6130.6,1870466700,6130.6
3/5/2007,6116.2,6255.8,5989.6,6245.2,1781954500,6245.2
2/26/2007,6401.5,6446.8,6038.9,6116.2,1946075600,6116.2
2/19/2007,6419.5,6451.4,6352.1,6401.5,1534071500,6401.5
2/12/2007,6382.8,6439.2,6344.7,6419.5,1444165900,6419.5
2/5/2007,6310.9,6395.4,6294.7,6382.8,1654467300,6382.8
1/29/2007,6228,6329,6197.5,6310.9,1882342500,6310.9
1/22/2007,6237.2,6335.1,6189.2,6228,1646728100,6228
1/15/2007,6239,6279.7,6163.5,6237.2,1588416600,6237.2
1/8/2007,6220.1,6247.6,6130.2,6239,1879864400,6239
1/1/2007,6220.8,6322,6220.1,6220.1,1241430800,6220.1
12/25/2006,6190,6258.7,6190,6220.8,336310200,6220.8
12/18/2006,6260,6269.1,6171.2,6190,1082184500,6190
12/11/2006,6152.4,6271.4,6137.8,6260,1693415300,6260
12/4/2006,6021.5,6157.1,6019.4,6152.4,1607828400,6152.4
11/27/2006,6122.1,6129.5,5985.2,6021.5,1777614300,6021.5
11/20/2006,6192,6233.1,6068.1,6122.1,1554004700,6122.1
11/13/2006,6208.4,6256.8,6167.3,6192,1642079400,6192
11/6/2006,6148.1,6250.4,6146.5,6208.4,1503817400,6208.4
10/30/2006,6160.9,6180.7,6110.9,6148.1,1596385900,6148.1
10/23/2006,6155.2,6244.6,6129.1,6160.9,1396431700,6160.9
10/16/2006,6157.3,6199.8,6105.8,6155.2,1455137400,6155.2
10/9/2006,6001.2,6170.5,5994.8,6157.3,1572081100,6157.3
10/2/2006,5960.8,6016.7,5897.3,6001.2,1896821800,6001.2
9/25/2006,5822.3,6002.9,5774.5,5960.8,1678787800,5960.8
9/18/2006,5877,5911.9,5820.4,5822.3,1513998500,5822.3
9/11/2006,5879.3,5943.7,5820,5877,1738331300,5877
9/4/2006,5949.1,5991.2,5853.3,5879.3,1208509100,5879.3
8/28/2006,5878.6,5967.7,5878.6,5949.2,1075294400,5949.2
8/21/2006,5903.4,5939.2,5832.5,5878.6,1111028700,5878.6
8/14/2006,5820.1,5932.5,5820.1,5903.4,1397724500,5903.4
8/7/2006,5889.4,5889.4,5752.6,5820.1,1419648000,5820.1
7/31/2006,5974.9,5977.2,5827.1,5889.4,1436231500,5889.4
7/24/2006,5719.7,5982.5,5719.7,5974.9,1510287000,5974.9
7/17/2006,5707.6,5819.7,5654.6,5719.7,1474971700,5719.7
7/10/2006,5888.9,5901,5707.6,5707.6,1215261200,5707.6
7/3/2006,5833.4,5908.5,5815.7,5888.9,1186748600,5888.9
6/26/2006,5692.1,5865.7,5633.8,5833.4,1461370700,5833.4
6/19/2006,5597.4,5736.8,5585,5692.1,1381106500,5692.1
6/12/2006,5655.2,5701.5,5467.4,5597.4,1904571100,5597.4
6/5/2006,5764.6,5789.8,5562.9,5655.2,1755605700,5655.2
5/29/2006,5791,5802.9,5591.5,5764.6,1529953900,5764.6
5/22/2006,5657.4,5791,5510.5,5791,1942689000,5791
5/15/2006,5912.1,5912.1,5618.7,5657.4,2039291900,5657.4
5/8/2006,6091.7,6133.5,5912.1,5912.1,1782256400,5912.1
5/1/2006,6023.1,6100,6001.1,6091.7,1416750900,6091.7
4/24/2006,6132.7,6136.5,6023.1,6023.1,1635968000,6023.1
4/17/2006,6029.4,6137.1,6026.1,6132.7,1335209300,6132.7
4/10/2006,6026.1,6092.5,5974.5,6029.4,1376481300,6029.4
4/3/2006,5964.6,6074.2,5964.6,6026.1,1807488900,6026.1
3/27/2006,6036.3,6047,5927.2,5964.6,1710599700,5964.6
3/20/2006,5999.4,6039.1,5956.7,6036.3,2006377800,6036.3
3/13/2006,5907.9,6044,5907.9,5999.4,2047590600,5999.4
3/6/2006,5858.7,5924.5,5790.9,5907.9,1871918100,5907.9
2/27/2006,5860.5,5893.3,5783.9,5858.7,2028821800,5858.7
2/20/2006,5846.2,5888,5829.4,5860.5,1745679000,5860.5
2/13/2006,5764.1,5863.3,5760.3,5846.2,1711304800,5846.2
2/6/2006,5759.3,5808.9,5681.9,5764.1,2012666200,5764.1
1/30/2006,5786.8,5816,5728.2,5759.3,1880016900,5759.3
1/23/2006,5672.4,5788.2,5625,5786.8,1989199600,5786.8
1/16/2006,5711,5740.2,5634.8,5672.4,1839168000,5672.4
1/9/2006,5731.8,5750.3,5686.1,5711,1771542300,5711
1/2/2006,5618.8,5731.8,5618.8,5731.8,1520169700,5731.8
12/26/2005,5595.5,5647.2,5591.9,5618.8,304760100,5618.8
12/19/2005,5531.6,5608.2,5524.7,5595.5,1110797500,5595.5
12/12/2005,5517.4,5552.6,5489.3,5531.6,1704228200,5531.6
12/5/2005,5528.1,5574,5492.8,5517.4,1885436200,5517.4
11/28/2005,5523.8,5554.9,5423.2,5528.1,1811939300,5528.1
11/21/2005,5498.9,5539,5486.2,5523.8,1528560500,5523.8
11/14/2005,5465.1,5531.6,5391.7,5498.9,1842172100,5498.9
11/7/2005,5423.6,5481.7,5415.5,5465.1,1779399400,5465.1
10/31/2005,5213.4,5446.4,5213.4,5423.6,2065021900,5423.6
10/24/2005,5142.1,5236.5,5140.1,5213.4,1411205900,5213.4
10/17/2005,5275,5303.2,5130.9,5142.1,1650769300,5142.1
10/10/2005,5362.3,5404.4,5245.6,5275,1710752400,5275
10/3/2005,5477.7,5515,5355.7,5362.3,1680191100,5362.3
9/26/2005,5413.6,5508.4,5413.6,5477.7,1544657500,5477.7
9/19/2005,5407.9,5446.6,5354.3,5413.6,1577267200,5413.6
9/12/2005,5359.3,5418.7,5327.1,5407.9,1510595200,5407.9
9/5/2005,5326.8,5376.1,5320.6,5359.3,1248655800,5359.3
8/29/2005,5228.1,5342.1,5228.1,5326.9,1121021200,5326.9
8/22/2005,5312.6,5329.7,5228.1,5228.1,1099210500,5228.1
8/15/2005,5345.8,5367.8,5263.7,5312.6,1444875100,5312.6
8/8/2005,5314.7,5386.4,5314.7,5345.8,1251071500,5345.8
8/1/2005,5282.3,5341.8,5282.3,5314.8,1422138800,5314.8
7/25/2005,5241.8,5308.6,5241.8,5282.3,1707794500,5282.3
7/18/2005,5230.8,5258.4,5180.2,5241.8,1766280100,5241.8
7/11/2005,5232.2,5283.9,5216.2,5230.9,1737326300,5230.9
7/4/2005,5161,5237.6,5022.1,5232.2,1666561700,5232.2
6/27/2005,5079,5162.6,5036.9,5161,1678048500,5161
6/20/2005,5077.6,5121.9,5057.9,5079,1411269100,5079
6/13/2005,5030.4,5098.5,5013.4,5077.6,1567032300,5077.6
6/6/2005,4999.4,5047.3,4976.2,5030.4,1381254800,5030.4
5/30/2005,4986.3,5016.6,4964,4999.4,1157090400,4999.4
5/23/2005,4971.8,5004.3,4956.8,4986.3,1568902500,4986.3
5/16/2005,4886.5,4981.1,4869,4971.8,1602038000,4971.8
5/9/2005,4918.9,4929.1,4854.2,4886.5,1523355300,4886.5
5/2/2005,4801.7,4924.6,4801.7,4918.9,1184971600,4918.9
4/25/2005,4849.3,4879.6,4773.7,4801.7,1591761400,4801.7
4/18/2005,4891.6,4891.6,4794.8,4849.3,1559284900,4849.3
4/11/2005,4983.6,4983.6,4891.6,4891.6,1434273600,4891.6
4/4/2005,4914,4994.1,4877,4983.7,1578947400,4983.7
3/28/2005,4922.5,4942,4886.5,4914,1304956600,4914
3/21/2005,4923.3,4952.2,4887.2,4922.5,1456057300,4922.5
3/14/2005,4982,5006.1,4920,4923.3,1673570800,4923.3
3/7/2005,5036.3,5041.3,4956.8,4982.1,1548972200,4982.1
2/28/2005,5006.8,5042,4965.9,5036.3,1673214000,5036.3
2/21/2005,5057.2,5077.8,4970.8,5006.8,1611631800,5006.8
2/14/2005,5044.2,5077.6,5030.5,5057.2,1504287300,5057.2
2/7/2005,4941.5,5045,4941.5,5044.2,1670936900,5044.2
1/31/2005,4832.8,4947.4,4832.8,4941.5,1714987800,4941.5
1/24/2005,4803.3,4860.4,4770.1,4832.8,1574217400,4832.8
1/17/2005,4820.8,4852.8,4783.3,4803.3,1523748500,4803.3
1/10/2005,4854.1,4858.9,4765.4,4820.8,1644775800,4820.8
1/3/2005,4814.3,4863.5,4806,4854.1,1291817500,4854.1
12/27/2004,4798.1,4826.2,4787.4,4814.3,317500900,4814.3
12/20/2004,4696.8,4807.8,4696.8,4798.1,1050133300,4798.1
12/13/2004,4694,4755,4688.7,4696.8,1842058600,4696.8
12/6/2004,4747.9,4747.9,4675,4694,1440330900,4694
11/29/2004,4741.5,4791,4696.8,4747.9,1637488700,4747.9
11/22/2004,4760.8,4767.7,4713.6,4741.6,1323977400,4741.6
11/15/2004,4793.9,4823.8,4756.5,4760.8,1805665400,4760.8
11/8/2004,4739.8,4798.7,4706.4,4793.9,1662182500,4793.9
11/1/2004,4624.2,4761.9,4624.2,4739.8,1388465000,4739.8
10/25/2004,4615.4,4663.4,4551.6,4624.2,1742982200,4624.2
10/18/2004,4622.7,4675.8,4592.2,4615.4,1523998600,4615.4
10/11/2004,4698.9,4706.9,4605.8,4622.7,1465879300,4622.7
10/4/2004,4659.6,4732.9,4659.6,4698.9,1508416100,4698.9
9/27/2004,4578.1,4663.9,4528.1,4659.7,1693159300,4659.7
9/20/2004,4591,4630.7,4557.2,4578.1,1674791400,4578.1
9/13/2004,4545,4602.1,4539,4591,1699645500,4591
9/6/2004,4550.8,4574,4529.6,4545,1481380500,4545
8/30/2004,4490.1,4553.4,4458.8,4550.8,1191843100,4550.8
8/23/2004,4369.2,4490.1,4369.2,4490.1,1253798200,4490.1
8/16/2004,4301.5,4381.4,4283,4369.2,1187411900,4369.2
8/9/2004,4337.9,4356.9,4289.6,4301.5,1305135400,4301.5
8/2/2004,4413.1,4432.5,4337.9,4337.9,1693833300,4337.9
7/26/2004,4326.3,4425.3,4283.2,4413.1,1573606600,4413.1
7/19/2004,4339.2,4391.5,4297.5,4326.3,1459340900,4326.3
7/12/2004,4393.2,4395.6,4324.5,4339.2,1504479800,4339.2
7/5/2004,4407.4,4423.3,4324.1,4393.2,1546557000,4393.2
6/28/2004,4494.1,4535.1,4398.3,4407.4,1838890400,4407.4
6/21/2004,4505.8,4516.7,4459.8,4494.1,1708827100,4494.1
6/14/2004,4484,4510.5,4430.3,4505.8,1442435400,4505.8
6/7/2004,4454.4,4515.2,4454.4,4484,1310821100,4484
5/31/2004,4430.7,4462.1,4400.7,4454.5,1254423000,4454.5
5/24/2004,4431.4,4471.3,4396.6,4430.7,1733011700,4430.7
5/17/2004,4441.8,4471.8,4363,4431.4,1581530000,4431.4
5/10/2004,4498.4,4498.4,4395.2,4441.8,1652499100,4441.8
5/3/2004,4489.7,4573.7,4463.2,4498.4,1580844800,4498.4
4/26/2004,4570,4586.9,4489.7,4489.7,1575725500,4489.7
4/19/2004,4537.3,4601.6,4519.8,4570,1670900100,4570
4/12/2004,4489.7,4540.2,4456.2,4537.3,1412184000,4537.3
4/5/2004,4465.6,4504.7,4451.4,4489.7,1227183600,4489.7
3/29/2004,4357.5,4471.3,4357.5,4465.6,1569067600,4465.6
3/22/2004,4417.7,4417.7,4291.3,4357.5,1932797100,4357.5
3/15/2004,4467.4,4471.2,4394.6,4417.7,1833873500,4417.7
3/8/2004,4547.1,4562,4374.5,4467.4,1901023000,4467.4
3/1/2004,4492.2,4566.2,4492.2,4547.1,1954852400,4547.1
2/23/2004,4515,4556.9,4476.7,4492.2,2015747700,4492.2
2/16/2004,4412,4549.6,4389.9,4515,1996943100,4515
2/9/2004,4402.7,4436.8,4370.2,4412,2071153600,4412
2/2/2004,4390.7,4411.6,4357.4,4402.7,1966123400,4402.7
1/26/2004,4460.8,4482.5,4390.7,4390.7,2000214400,4390.7
1/19/2004,4487.9,4531.4,4438.6,4460.8,1855807800,4460.8
1/12/2004,4466.3,4491.7,4431.1,4487.9,2022647600,4487.9
1/5/2004,4510.2,4522.9,4445.1,4466.3,1979471300,4466.3
12/29/2003,4444.7,4518,4432.8,4510.2,399145500,4510.2
12/22/2003,4412.3,4457.4,4392.4,4444.7,478097500,4444.7
12/15/2003,4347.6,4427.8,4329,4412.3,1751458800,4412.3
12/8/2003,4367,4407.5,4312.5,4347.6,1695432800,4347.6
12/1/2003,4342.6,4416.5,4337.7,4367,1788626300,4367
11/24/2003,4319,4423.6,4319,4342.6,1666855500,4342.6
11/17/2003,4397,4397,4270.5,4319,1937881400,4319
11/10/2003,4376.9,4412.9,4313.5,4397,1585009400,4397
11/3/2003,4287.6,4389.2,4283.4,4376.9,1765386100,4376.9
10/27/2003,4239,4332.9,4238.1,4287.6,1614735100,4287.6
10/20/2003,4344,4377.6,4212.5,4239,1743272000,4239
10/13/2003,4311,4393.8,4310.1,4344,1809309400,4344
10/6/2003,4274,4327,4241.7,4311,1774991200,4311
9/29/2003,4157.1,4285.4,4081.8,4274,1901155800,4274
9/22/2003,4257,4265.3,4146.4,4157.1,1963433200,4157.1
9/15/2003,4237.8,4329.6,4237.8,4257,1852408900,4257
9/8/2003,4257.2,4298,4227.2,4237.8,1725643400,4237.8
9/1/2003,4161.1,4279.1,4161.1,4257.2,1868400700,4257.2
8/25/2003,4225.9,4229,4161.1,4161.1,1271028800,4161.1
8/18/2003,4247.3,4286.9,4196.5,4225.9,1421756500,4225.9
8/11/2003,4147.8,4266.4,4147.8,4247.3,1435718900,4247.3
8/4/2003,4098.4,4160.7,4044.9,4147.8,1521654700,4147.8
7/28/2003,4131.2,4183,4096.7,4098.4,1498813300,4098.4
7/21/2003,4073.2,4155.2,4043.5,4131.2,1623573300,4131.2
7/14/2003,4058.1,4135.9,4031.9,4073.2,1675187700,4073.2
7/7/2003,4021.5,4088.2,4013.7,4058.1,1483425600,4058.1
6/30/2003,4067.8,4099,3951.5,4021.5,1589084900,4021.5
6/23/2003,4160.1,4160.1,4029.2,4067.8,1556747200,4067.8
6/16/2003,4134.1,4218.8,4112.4,4160.1,1688637600,4160.1
6/9/2003,4150.8,4193.6,4101.1,4134.1,1633295800,4134.1
6/2/2003,4048.1,4178.5,4048.1,4150.8,1676913200,4150.8
5/26/2003,3979.8,4096,3920.2,4048.1,1403695600,4048.1
5/19/2003,4049,4049,3907.8,3979.8,1658276000,3979.8
5/12/2003,3969.4,4080.8,3941.1,4049,1465985800,4049
5/5/2003,3952.6,4038.5,3912.8,3969.4,1302855800,3969.4
4/28/2003,3870.2,3976.2,3855.5,3952.6,1409726200,3952.6
4/21/2003,3889.2,3997.3,3859.9,3870.2,1112969200,3870.2
4/14/2003,3808.1,3967.8,3800.7,3889.2,1064039800,3889.2
4/7/2003,3814.4,3962.2,3803.2,3808.1,1477242200,3808.1
3/31/2003,3708.5,3841.7,3580.9,3814.4,1553563400,3814.4
3/24/2003,3861.1,3861.1,3660.4,3708.5,1495992800,3708.5
3/17/2003,3601.8,3881.7,3525.3,3861.1,2023608400,3861.1
3/10/2003,3491.6,3612.9,3277.5,3601.8,1993689400,3601.8
3/3/2003,3655.6,3714.9,3467.2,3491.6,1650314000,3491.6
2/24/2003,3727.1,3746.5,3535.1,3655.6,1761252200,3655.6
2/17/2003,3611.9,3747,3611.9,3727.1,1510438400,3727.1
2/10/2003,3599.2,3683.6,3568.1,3611.9,1648800200,3611.9
2/3/2003,3567.4,3698.9,3563.9,3599.2,1698882000,3599.2
1/27/2003,3603.7,3603.7,3391.5,3567.4,2254358200,3567.4
1/20/2003,3820.6,3853.4,3583.7,3603.7,1881870800,3603.7
1/13/2003,3974.1,4020.2,3820.6,3820.6,1659853200,3820.6
1/6/2003,4004.9,4025.5,3865.8,3974.1,1574578200,3974.1
12/30/2002,3829.4,4027.6,3805.1,4005,453655200,4005
12/23/2002,3889.9,3957.7,3822.2,3829.4,210185800,3829.4
12/16/2002,3878.1,3999.8,3803.4,3889.9,1565951600,3889.9
12/9/2002,4013.5,4039.8,3839.4,3878.1,1613692200,3878.1
12/2/2002,4169.4,4218.6,3931.9,4013.5,1548208600,4013.5
11/25/2002,4175.2,4206.8,4058.3,4169.4,1640602400,4169.4
11/18/2002,4091.6,4224.8,4069.3,4175.2,1835007800,4175.2
11/11/2002,4034.6,4117.4,3961,4091.6,2175924400,4091.6
11/4/2002,3997,4192.4,3997,4034.6,2118444000,4034.6
10/28/2002,4051.1,4147.9,3919.4,3997,1557347600,3997
10/21/2002,4130.5,4184.6,4006.9,4051.1,1409405600,4051.1
10/14/2002,3953.4,4197.5,3908.1,4130.5,1725211800,4130.5
10/7/2002,3813.8,3953.4,3663.4,3953.4,1653424800,3953.4
9/30/2002,3907.2,3961.5,3669.7,3813.8,1862322800,3813.8
9/23/2002,3860.1,3925.2,3609.9,3907.2,1752228200,3907.2
9/16/2002,4008,4150.2,3755.6,3860.1,2111688400,3860.1
9/9/2002,4107.2,4246.4,3927.8,4008,1394565400,4008
9/2/2002,4227.3,4227.3,3918.6,4107.2,1367108200,4107.2
8/26/2002,4389.8,4464,4173.5,4227.3,976750600,4227.3
8/19/2002,4330,4466.4,4307.7,4389.8,1361757600,4389.8
8/12/2002,4322.4,4382.3,4158.3,4330,1367012400,4330
8/5/2002,4075.5,4322.4,3900.7,4322.4,1477584000,4322.4
7/29/2002,4016.6,4306.1,4016.6,4075.6,1729477200,4075.6
7/22/2002,4098.3,4098.3,3625.9,4016.7,2101071200,4016.7
7/15/2002,4224.1,4301.2,3860.3,4098.3,2393447400,4098.3
7/8/2002,4615.6,4636.1,4171,4224.1,1700373800,4224.1
7/1/2002,4656.4,4708.7,4392.6,4615.7,1554867600,4615.7
6/24/2002,4605.3,4657.1,4442.9,4656.4,1808509000,4656.4
6/17/2002,4630.8,4775.1,4506.3,4605.4,1651274200,4605.4
6/10/2002,4920.4,4948.3,4565.4,4630.8,1637099800,4630.8
6/3/2002,5085.1,5085.1,4851.2,4920.4,1103224600,4920.4
5/27/2002,5169.1,5187.9,5016.9,5085.1,1754093400,5085.1
5/20/2002,5218,5246.5,5129.4,5169.1,1239073800,5169.1
5/13/2002,5171.2,5282.2,5147.5,5218,1466600000,5218
5/6/2002,5203.1,5216.6,5082.7,5171.2,1224468200,5171.2
4/29/2002,5159,5236,5123.7,5203.1,1493612400,5203.1
4/22/2002,5243.6,5243.6,5116,5159,1737960600,5159
4/15/2002,5161,5292.3,5153.2,5243.6,1455645200,5243.6
4/8/2002,5233.6,5243.7,5136.3,5161,1647839800,5161
4/1/2002,5271.8,5271.8,5187.7,5233.6,998065000,5233.6
3/25/2002,5250.5,5298.4,5170.5,5271.8,1138231800,5271.8
3/18/2002,5292.7,5331.6,5235.3,5250.5,1381429600,5250.5
3/11/2002,5285.7,5313.6,5200.6,5292.7,1125640000,5292.7
3/4/2002,5169,5328.6,5169,5285.7,1460698400,5285.7
2/25/2002,5050.8,5196.9,5047.9,5169,1535836600,5169
2/18/2002,5182.5,5195.7,5015.5,5050.8,1282391200,5050.8
2/11/2002,5128.1,5238,5097.7,5182.5,1385311200,5182.5
2/4/2002,5189.7,5189.7,5038.3,5128.1,1462176200,5128.1
1/28/2002,5193,5249.9,5052.8,5189.7,1345908200,5189.7
1/21/2002,5126.8,5263.4,5086,5193.1,1189960800,5193.1
1/14/2002,5198.6,5198.6,5081.9,5126.8,1226927800,5126.8
1/7/2002,5323.8,5354.2,5171.7,5198.6,1405342000,5198.6
12/31/2001,5242.4,5362.3,5195.2,5323.8,549645600,5323.8
12/24/2001,5159.2,5243.7,5147.2,5242.4,139455200,5242.4
12/17/2001,5061,5182.2,5038.2,5159.2,1022868400,5159.2
12/10/2001,5264.7,5276.2,5032.3,5061,1217338200,5061
12/3/2001,5203.6,5411.2,5152.3,5264.7,1481701600,5264.7
11/26/2001,5293.2,5346,5146.5,5203.6,1419188400,5203.6
11/19/2001,5291,5383.2,5220.8,5293.2,1422596000,5293.2
11/12/2001,5244.2,5366.4,5065.3,5291,1582113000,5291
11/5/2001,5129.5,5294.6,5124,5244.2,1390095000,5244.2
10/29/2001,5188.6,5188.6,4954.9,5129.5,1071339200,5129.5
10/22/2001,5017.7,5265.5,5017.7,5188.7,1297022600,5188.7
10/15/2001,5145.5,5229.6,5003.9,5017.7,1193085600,5017.7
10/8/2001,5036,5279.8,4902.7,5145.5,1440869600,5145.5
10/1/2001,4903.4,5082.9,4730.7,5036,1340433800,5036
9/24/2001,4433.7,4920.5,4433.7,4903.4,1548665800,4903.4
9/17/2001,4755.7,4899.4,4219.8,4433.7,2143928600,4433.7
9/10/2001,5070.3,5129,4651.8,4755.8,1605154200,4755.8
9/3/2001,5345,5379.6,5068.1,5070.3,1527984200,5070.3
8/27/2001,5471.9,5475.5,5298.3,5345,1026931200,5345
8/20/2001,5342.1,5471.9,5286.7,5471.9,990674000,5471.9
8/13/2001,5427.2,5533.2,5299.6,5342.1,1063992000,5342.1
8/6/2001,5547.6,5561.2,5376.7,5427.2,1045599800,5427.2
7/30/2001,5403.1,5644.2,5376.1,5547.6,1186184200,5547.6
7/23/2001,5387.1,5446.8,5260.5,5403.1,1299555200,5403.1
7/16/2001,5537,5537,5322.2,5387.1,1151204200,5387.1
7/9/2001,5479.2,5544.1,5380.4,5537,1257763200,5537
7/2/2001,5642.5,5726.1,5443.9,5479.2,1309606400,5479.2
6/25/2001,5665.7,5704.5,5519.6,5642.5,1362219800,5642.5
6/18/2001,5723,5743.6,5622.5,5665.7,1209962600,5665.7
6/11/2001,5950.6,5950.6,5657.7,5723,1255558800,5723
6/4/2001,5809.6,5981.8,5809.1,5950.6,1220885800,5950.6
5/28/2001,5889.8,5906.6,5733.8,5809.6,985912000,5809.6
5/21/2001,5915,5993.7,5859.8,5889.8,1057948000,5889.8
5/14/2001,5896.8,5968.4,5690.5,5915,1185336600,5915
5/7/2001,5870.3,5987.5,5826.8,5896.8,1005178400,5896.8
4/30/2001,5951.4,5995.4,5753.9,5870.3,1335827600,5870.3
4/23/2001,5879.8,5976.9,5777.6,5951.4,1153579000,5951.4
4/16/2001,5766.6,5943.4,5654.9,5879.8,1099619200,5879.8
4/9/2001,5601.5,5841.3,5570.1,5766.6,970393600,5766.6
4/2/2001,5633.7,5685.6,5354.3,5601.5,1194575200,5601.5
3/26/2001,5402.3,5728.2,5402.3,5633.7,1210540600,5633.7
3/19/2001,5562.8,5646.8,5279.6,5402.3,1306399600,5402.3
3/12/2001,5917.3,5917.3,5471.1,5562.8,1332533000,5562.8
3/5/2001,5858.6,6050.4,5856.9,5917.3,1171821800,5917.3
2/26/2001,5943.7,6003.5,5829.5,5858.6,1184044600,5858.6
2/19/2001,6088.3,6134,5904.7,5943.7,1115930000,5943.7
2/12/2001,6164.3,6263.3,6082.8,6088.3,1205278200,6088.3
2/5/2001,6256.4,6306.7,6153.1,6164.3,1356658200,6164.3
1/29/2001,6294.3,6360.3,6233.4,6256.4,1196725400,6256.4
1/22/2001,6209.3,6309.2,6162.9,6294.3,1152482800,6294.3
1/15/2001,6165.5,6276.4,6076.7,6209.3,1246013800,6209.3
1/8/2001,6198.1,6212.4,6040.4,6165.5,1479883000,6165.5
1/1/2001,6222.5,6276.2,6029.3,6198.1,958088000,6198.1
12/25/2000,6097.5,6255.9,6097.5,6222.5,210031200,6222.5
12/18/2000,6175.8,6307.3,6083.7,6097.5,730743200,6097.5
12/11/2000,6288.3,6421.5,6175,6175.8,1073203200,6175.8
12/4/2000,6170.4,6365.6,6113.9,6288.3,1009237800,6288.3
11/27/2000,6327.6,6397.5,6070,6170.4,888836200,6170.4
11/20/2000,6440.1,6452.8,6216.1,6327.6,881894400,6327.6
11/13/2000,6400.2,6483.3,6269.3,6440.1,902106800,6440.1
11/6/2000,6385.4,6514.7,6338.5,6400.2,948278000,6400.2
10/30/2000,6366.5,6508.6,6307.9,6385.4,1034893600,6385.4
10/23/2000,6276.3,6452.8,6271.5,6366.6,894659400,6366.6
10/16/2000,6209.6,6294.5,6017.2,6276.3,992938000,6276.3
10/9/2000,6391.2,6391.2,6050.7,6209.6,1023466600,6209.6
10/2/2000,6294.2,6412.5,6283.8,6391.2,911568200,6391.2
9/25/2000,6205.9,6325.7,6192.7,6294.2,950355200,6294.2
9/18/2000,6417.3,6464.3,6075.1,6205.9,1050018200,6205.9
9/11/2000,6600.7,6604.1,6392.1,6417.3,1009131400,6417.3
9/4/2000,6795,6828.7,6561.1,6600.7,893494000,6600.7
8/28/2000,6563.7,6838.6,6560.2,6795,875456400,6795
8/21/2000,6543.7,6619.1,6491.4,6563.7,927804400,6563.7
8/14/2000,6384.5,6553.5,6365.5,6543.7,817433200,6543.7
8/7/2000,6363.5,6463.1,6348.4,6384.5,769151400,6384.5
7/31/2000,6335.7,6424.7,6274.9,6363.5,824008600,6363.5
7/24/2000,6378.4,6456.3,6332.6,6335.7,806379800,6335.7
7/17/2000,6475.4,6531.4,6365.5,6378.4,748007400,6378.4
7/10/2000,6497.5,6545.1,6450.5,6475.4,850268200,6475.4
7/3/2000,6312.7,6502.6,6309.3,6497.5,789559200,6497.5
6/26/2000,6391.5,6447.7,6221,6312.7,835890400,6312.7
6/19/2000,6490.8,6536.5,6367.8,6391.5,707171000,6391.5
6/12/2000,6443.8,6566.7,6430.8,6526,764031400,6526
6/5/2000,6626.4,6635.7,6438.1,6443.8,800583600,6443.8
5/29/2000,6216.9,6634.9,6216.9,6626.4,874606400,6626.4
5/22/2000,6045.4,6252.2,5991.9,6216.9,920595400,6216.9
5/15/2000,6283.5,6349.1,6039.1,6045.4,804060800,6045.4
5/8/2000,6238.8,6304.2,6051.5,6283.5,926447400,6283.5
5/1/2000,6327.4,6412.6,6162.5,6238.8,722580000,6238.8
4/24/2000,6241.2,6342.2,6127.9,6327.4,782522400,6327.4
4/17/2000,6178.1,6248.1,5915.2,6241.2,870467600,6241.2
4/10/2000,6569.9,6579.6,6149.8,6178.1,993429000,6178.1
4/3/2000,6540.2,6586.3,6283.2,6569.9,944219400,6569.9
3/27/2000,6738.5,6770.4,6385.8,6540.2,909550600,6540.2
3/20/2000,6558,6755.1,6523.3,6738.5,994188800,6738.5
3/13/2000,6568.7,6713.1,6380.6,6558,1088893600,6558
3/6/2000,6487.5,6642.5,6387.2,6568.7,1160821400,6568.7
2/28/2000,6198,6506.3,6054.1,6487.5,1155751400,6487.5
2/21/2000,6165,6288.8,6002.7,6198,1315786600,6198
2/14/2000,6193.3,6264.1,5972.7,6165,1435152200,6165
2/7/2000,6185,6450.9,6100.7,6193.3,2188116400,6193.3
1/31/2000,6375.6,6393.5,6171.2,6185,1531506000,6185
1/24/2000,6346.3,6480.4,6262.9,6375.6,846816400,6375.6
1/17/2000,6658.2,6695.9,6287.1,6346.3,931592200,6346.3
1/10/2000,6504.8,6666.8,6470.3,6658.2,868565400,6658.2
1/3/2000,6930.2,6930.2,6424.4,6504.8,595504200,6504.8
12/27/1999,6806.5,6950.6,6801.1,6930.2,50739600,6930.2
12/20/1999,6724.6,6815.7,6675.6,6806.5,261746200,6806.5
12/13/1999,6739.5,6769.7,6588.7,6724.6,707363600,6724.6
12/6/1999,6742.2,6769.4,6609.5,6739.5,777528000,6739.5
11/29/1999,6684.8,6772.1,6575.3,6742.2,805323200,6742.2
11/22/1999,6482.3,6743.1,6422,6684.8,772136600,6684.8
11/15/1999,6511.6,6627.1,6456.2,6482.3,968697800,6482.3
11/8/1999,6356.6,6612.8,6338.5,6511.6,703573600,6511.6
11/1/1999,6255.7,6402,6231,6356.6,617477000,6356.6
10/25/1999,6058.9,6279.3,5990.1,6255.7,661362200,6255.7
10/18/1999,5907.3,6060.2,5798.3,6058.9,674690000,6058.9
10/11/1999,6199.4,6242.8,5842.3,5907.3,610935000,5907.3
10/4/1999,5970.7,6250.8,5967.3,6199.4,569287400,6199.4
9/27/1999,5937.6,6087.7,5937.6,5970.7,516803400,5970.7
9/20/1999,6039.8,6094.7,5868.4,5937.6,696966800,5937.6
9/13/1999,6206.5,6250.9,6010,6039.8,513293400,6039.8
9/6/1999,6360.6,6388.4,6158.8,6191,439454200,6191
8/30/1999,6375.2,6375.2,6168.3,6332.2,390026800,6332.2
8/23/1999,6185.7,6434.4,6185.7,6375.2,468759800,6375.2
8/16/1999,6246.6,6263.5,6104.2,6180.8,448640400,6180.8
8/9/1999,6125.9,6247.7,5976.2,6245.1,500287800,6245.1
8/2/1999,6228.4,6301.9,6078.5,6121,506066400,6121
7/26/1999,6207.7,6316.2,6092.1,6231.9,515653800,6231.9
7/19/1999,6568.6,6622.1,6199.1,6207.4,529174800,6207.4
7/12/1999,6565.5,6623.8,6445.6,6563.3,530678600,6563.3
7/5/1999,6516.1,6649.5,6516,6562.6,556160400,6562.6
6/28/1999,6436.9,6521.8,6287.9,6491.9,584053000,6491.9
6/21/1999,6551.8,6613.6,6379.6,6435.4,571359800,6435.4
6/14/1999,6495.3,6593.1,6402.1,6527.8,622825000,6527.8
6/7/1999,6392.7,6501.5,6380.5,6484.8,446528800,6484.8
5/31/1999,6226.2,6365.8,6226.2,6361.5,348920000,6361.5
5/24/1999,6362.8,6462.3,6110.1,6226.2,531960600,6226.2
5/17/1999,6285.4,6391.9,6147.6,6353.1,562298800,6353.1
5/10/1999,6374,6466,6261.4,6300.4,519917800,6300.4
5/3/1999,6552.2,6663.8,6336.2,6356,466538400,6356
4/26/1999,6434.9,6635.9,6434.9,6552.2,529151800,6552.2
4/19/1999,6433.7,6515.3,6280.2,6428,592194600,6428
4/12/1999,6463.8,6539.9,6377.2,6420.6,628174600,6420.6
4/5/1999,6330,6512.1,6330,6472.8,410040200,6472.8
3/29/1999,6157.8,6399.1,6138.3,6330,413506400,6330
3/22/1999,6155.2,6200.1,5968.3,6139.2,600696000,6139.2
3/15/1999,6259.2,6280.8,6074.9,6163.2,659552000,6163.2
3/8/1999,6210,6365.4,6168.6,6282.2,563559800,6282.2
3/1/1999,6177.5,6243.3,6021.4,6205.5,520429200,6205.5
2/22/1999,6037.7,6319.8,5994.8,6175.1,555325400,6175.1
2/15/1999,5930.2,6133.2,5924,6031.2,492129400,6031.2
2/8/1999,5867.4,6032.5,5697.7,5950.7,569830000,5950.7
2/1/1999,5926,6048.2,5848.4,5855.3,582283800,5855.3
1/25/1999,5844.5,5989.3,5749.3,5896,559250400,5896
1/18/1999,6013.4,6138.7,5835.1,5861.2,643713200,5861.2
1/11/1999,6164.6,6186.5,5736.8,5941,578875800,5941
1/4/1999,5909.4,6195.6,5811.3,6147.2,767374600,6147.2
12/28/1998,5867.2,5970.1,5809,5882.6,0,5882.6
12/21/1998,5736.9,5911.5,5736.1,5867.2,0,5867.2
12/14/1998,5535.7,5772.1,5468.4,5741.9,0,5741.9
12/7/1998,5599.9,5712.7,5515.5,5541.7,0,5541.7
11/30/1998,5831.5,5866.3,5377.2,5581.9,0,5581.9
11/23/1998,5737.9,5881.7,5732.5,5844.2,0,5844.2
11/16/1998,5472.1,5751.9,5467.1,5717.5,0,5717.5
11/9/1998,5489.9,5516.3,5359.5,5463.2,0,5463.2
11/2/1998,5454.3,5645.1,5453.7,5491,0,5491
10/26/1998,5236.5,5455.2,5215.2,5438.4,0,5438.4
10/19/1998,5130.7,5282.4,5055.7,5217.1,0,5217.1
10/12/1998,4841.5,5208.1,4841.5,5133.1,0,5133.1
10/5/1998,4743.8,4949.5,4599.2,4823.4,0,4823.4
9/28/1998,5069.8,5114.2,4724.2,4750.4,0,4750.4
9/21/1998,5047.2,5322.3,4899.6,5061,0,5061
9/14/1998,5123,5360.6,5034.7,5055.6,0,5055.6
9/7/1998,5204.5,5399.8,4988.8,5118.6,0,5118.6
8/31/1998,5249.4,5341.6,5075.7,5167,0,5167
8/24/1998,5503.3,5655.6,5108.7,5249.4,0,5249.4
8/17/1998,5450.7,5712.8,5398,5477,0,5477
8/10/1998,5674.4,5674.4,5350.3,5455,0,5455
8/3/1998,5832.2,5832.2,5546.9,5680.4,0,5680.4
7/27/1998,5905.8,5932.5,5782.2,5837.1,0,5837.1
7/20/1998,6168.7,6183.7,5871.7,5892.3,0,5892.3
7/13/1998,5929.3,6180.4,5926.4,6174,0,6174
7/6/1998,5989.4,6043.8,5915.5,5929.7,0,5929.7
6/29/1998,5883.7,6022.1,5825,5988.4,0,5988.4
6/22/1998,5747.4,5885.9,5676.5,5877.4,0,5877.4
6/15/1998,5781.4,5871.4,5646.1,5748.1,0,5748.1
6/8/1998,5952.3,6049.6,5750.3,5769.8,0,5769.8
6/1/1998,5870.7,5947.3,5777.7,5947.3,0,5947.3
5/25/1998,5955.6,6023.9,5816.5,5870.7,0,5870.7
5/18/1998,5916.7,5991.1,5794.5,5955.6,0,5955.6
5/11/1998,5968.5,6030.9,5866.5,5917.8,0,5917.8
5/4/1998,6010.3,6064.6,5898.5,5969.8,0,5969.8
4/27/1998,5861.8,6025.1,5699.9,6010.3,0,6010.3
4/20/1998,5939.9,5995.8,5785.7,5863.9,0,5863.9
4/13/1998,6105.5,6150.5,5916.9,5922.2,0,5922.2
4/6/1998,6062.5,6134.9,6033.9,6105.5,0,6105.5
3/30/1998,5939.2,6105.3,5874.8,6064.2,0,6064.2
3/23/1998,5993.8,6023.1,5850.7,5939.3,0,5939.3
3/16/1998,5782.9,6105.8,5773.5,5956.3,0,5956.3
3/9/1998,5782.6,5861.9,5758.1,5782.3,0,5782.3
3/2/1998,5767.3,5850,5629.1,5782.9,0,5782.9
2/23/1998,5749.4,5821.8,5584.9,5767.3,0,5767.3
2/16/1998,5580.5,5760,5578.5,5751.6,0,5751.6
2/9/1998,5630.5,5650.2,5530.8,5582.3,0,5582.3
2/2/1998,5589.9,5675.1,5556.2,5629.7,0,5629.7
1/26/1998,5184.4,5458.5,5179.5,5458.5,0,5458.5
1/19/1998,5273.7,5313.6,5172.8,5181.4,0,5181.4
1/12/1998,5093.4,5277.2,4988.3,5263.1,0,5263.1
1/5/1998,5191.5,5296.4,5125.4,5138.3,0,5138.3
12/29/1997,5011.1,5203.8,5008.7,5193.5,0,5193.5
12/22/1997,5013.3,5055,5004.5,5013.9,0,5013.9
12/15/1997,5048.2,5247.6,4985.7,5020.2,0,5020.2
12/8/1997,5143.2,5223.5,4999.6,5045.2,0,5045.2
12/1/1997,4871.7,5178.5,4859.8,5142.9,0,5142.9
11/24/1997,4977.7,4985.8,4831.8,4831.8,0,4831.8
11/17/1997,4762.4,4985.8,4741.8,4985.8,0,4985.8
11/10/1997,4770.2,4828.3,4680.4,4741.8,0,4741.8
11/3/1997,4877,4947.6,4699.6,4764.4,0,4764.4
10/27/1997,4970.2,4970.2,4382.8,4842.3,0,4842.3
10/20/1997,5271.1,5271.1,4926.7,4970.2,0,4970.2
10/13/1997,5252.3,5302.9,5222.4,5271.1,0,5271.1
10/6/1997,5309.3,5366.5,5166.1,5227.3,0,5227.3
9/29/1997,5221.3,5367.3,5202.6,5330.8,0,5330.8
9/22/1997,5019,5244.3,5014.8,5226.3,0,5226.3
9/15/1997,4876.3,5064.3,4864.6,5023.8,0,5023.8
9/8/1997,4985.9,4999.8,4833.9,4848.2,0,4848.2
9/1/1997,4816.6,5028.3,4795.3,4994.2,0,4994.2
8/25/1997,4901.1,4924.8,4785.2,4817.5,0,4817.5
8/18/1997,4794,4994.1,4779.3,4901.1,0,4901.1
8/11/1997,4974.8,5078.2,4865.8,4865.8,0,4865.8
8/4/1997,4896.7,5095.3,4874,5031.3,0,5031.3
7/28/1997,4857.4,4941.7,4835.3,4899.3,0,4899.3
7/21/1997,4858.8,4931.5,4794.9,4851.5,0,4851.5
7/14/1997,4813.2,4998.1,4796,4877.2,0,4877.2
7/7/1997,4819,4820,4729.8,4799.5,0,4799.5
6/30/1997,4645.1,4879,4597.1,4812.8,0,4812.8
6/23/1997,4597,4660.4,4538.3,4640.3,0,4640.3
6/16/1997,4777.2,4777.2,4593.9,4593.9,0,4593.9
6/9/1997,4653.3,4796,4653.3,4783.1,0,4783.1
6/2/1997,4644.7,4645.7,4524.2,4645,0,4645
5/26/1997,4661.8,4705.2,4595.9,4621.3,0,4621.3
5/19/1997,4669.4,4687.7,4600.4,4661.8,0,4661.8
5/12/1997,4641.8,4723.7,4622.9,4693.9,0,4693.9
5/5/1997,4455.6,4646,4455.6,4630.9,0,4630.9
4/28/1997,4361.6,4468.4,4361.2,4455.6,0,4455.6
4/21/1997,4320.6,4400.4,4299.2,4369.7,0,4369.7
4/14/1997,4232.9,4312.3,4232.9,4310.5,0,4310.5
4/7/1997,4255.3,4335.1,4254.8,4270.7,0,4270.7
3/31/1997,4312.9,4312.9,4200.5,4236.6,0,4236.6
3/24/1997,4260.4,4331.4,4214.3,4312.9,0,4312.9
3/17/1997,4406.5,4408.1,4242.4,4254.8,0,4254.8
3/10/1997,4421.6,4466.3,4351,4424.3,0,4424.3
3/3/1997,4293.4,4420.7,4287.3,4420.3,0,4420.3
2/24/1997,4327.5,4357.9,4299.9,4308.3,0,4308.3
2/17/1997,4336.3,4362.4,4312.4,4336.8,0,4336.8
2/10/1997,4304.4,4353.4,4288.9,4341,0,4341
2/3/1997,4272.3,4310.1,4252.8,4307.8,0,4307.8
1/27/1997,4207,4275.8,4191.3,4275.8,0,4275.8
1/20/1997,4216.8,4273.4,4167.6,4218.8,0,4218.8
1/13/1997,4087.9,4218.4,4078.6,4207.7,0,4207.7
1/6/1997,4105.2,4108,4036.9,4056.6,0,4056.6
12/30/1996,4095.3,4123.2,4057.1,4089.5,0,4089.5
12/23/1996,4076.3,4102.9,4066.7,4091,0,4091
12/16/1996,3981.1,4100,3970.8,4077.6,0,4077.6
12/9/1996,3988.1,4043.2,3933.9,3972.4,0,3972.4
12/2/1996,4055.9,4076,3882.7,3963,0,3963
11/25/1996,4030.7,4094.4,4029.5,4058,0,4058
11/18/1996,3960.1,4018.7,3947.3,4018.7,0,4018.7
11/11/1996,3907.5,3958.4,3896.5,3958.2,0,3958.2
11/4/1996,3955.8,3956.2,3898.2,3910.8,0,3910.8
10/28/1996,4020.2,4037.6,3941.9,3948.5,0,3948.5
10/21/1996,4059.4,4073.2,3981.8,4022.4,0,4022.4
10/14/1996,4020.6,4063.2,4017,4053.1,0,4053.1
10/7/1996,4042.9,4046.8,3981.2,4028.1,0,4028.1
9/30/1996,3947.6,4025.1,3934.4,4024.8,0,4024.8
9/23/1996,3952,3954.6,3904.3,3946.4,0,3946.4
9/16/1996,3976.7,3994.1,3950.7,3964.1,0,3964.1
9/9/1996,3903.6,3970.5,3899.5,3967.9,0,3967.9
9/2/1996,3873.7,3893,3835.8,3893,0,3893
8/26/1996,3907.5,3922.1,3865.9,3867.6,0,3867.6
8/19/1996,3877.1,3911.6,3861.2,3907.5,0,3907.5
8/12/1996,3796.4,3873.1,3792.4,3872.9,0,3872.9
8/5/1996,3777.8,3816.5,3773.8,3810.7,0,3810.7
7/29/1996,3675.5,3770.7,3661.2,3770.6,0,3770.6
7/22/1996,3706.9,3708.5,3643.7,3673.3,0,3673.3
7/15/1996,3721.1,3726.9,3612.6,3710.5,0,3710.5
7/8/1996,3723.6,3777.2,3715.3,3728.3,0,3728.3
7/1/1996,3710.4,3790,3708.2,3743.2,0,3743.2
6/24/1996,3729.7,3729.7,3671.6,3711,0,3711
6/17/1996,3755.9,3767.7,3722.3,3722.3,0,3722.3
6/10/1996,3726.8,3770.7,3719.5,3753.6,0,3753.6
6/3/1996,3737,3774.7,3694.8,3706.8,0,3706.8
5/27/1996,3752.1,3775.8,3741,3747.8,0,3747.8
5/20/1996,3795.2,3799.3,3733,3752.1,0,3752.1
5/13/1996,3751.8,3791.4,3738,3789.6,0,3789.6
5/6/1996,3751.6,3757.2,3707.3,3754.4,0,3754.4
4/29/1996,3834.5,3834.5,3734.6,3751.6,0,3751.6
4/22/1996,3854.2,3858.9,3802.9,3832.8,0,3832.8
4/15/1996,3775,3857.1,3774.9,3857.1,0,3857.1
4/8/1996,3755.6,3775.1,3726.2,3766.8,0,3766.8
4/1/1996,3692.1,3759.9,3692.1,3755.6,0,3755.6
3/25/1996,3705.1,3705.3,3650,3699.7,0,3699.7
3/18/1996,3647.7,3707.7,3647.4,3707,0,3707
3/11/1996,3649,3707.8,3629.1,3644.8,0,3644.8
3/4/1996,3758.7,3792.5,3686.2,3710.3,0,3710.3
2/26/1996,3732,3763.7,3697.8,3752.7,0,3752.7
2/19/1996,3755.9,3755.9,3688.7,3740.3,0,3740.3
2/12/1996,3709.3,3791.6,3697.4,3770.9,0,3770.9
2/5/1996,3763.3,3764.7,3692.4,3716.3,0,3716.3
1/29/1996,3737.8,3782.6,3713.9,3781.3,0,3781.3
1/22/1996,3763.5,3763.9,3714.5,3734.7,0,3734.7
1/15/1996,3658.5,3767.4,3658.5,3748.4,0,3748.4
1/8/1996,3708.8,3728.6,3645.3,3657.3,0,3657.3
1/1/1996,3689.3,3723,3666.9,3704.5,0,3704.5
12/25/1995,3658.3,3690.6,3657.4,3689.3,0,3689.3
12/18/1995,3642.3,3658.4,3558.5,3658.3,0,3658.3
12/11/1995,3633.3,3688,3633.1,3642.6,0,3642.6
12/4/1995,3675.2,3683.6,3618.2,3630,0,3630
11/27/1995,3629.1,3680.4,3625.9,3680.4,0,3680.4
11/20/1995,3620.6,3639.5,3600.1,3624,0,3624
11/13/1995,3518.2,3626.7,3518.2,3609.2,0,3609.2
11/6/1995,3500.9,3553.1,3493,3523.4,0,3523.4
10/30/1995,3511.6,3539.6,3499.1,3500.4,0,3500.4
10/23/1995,3539.5,3551.4,3484.7,3497.9,0,3497.9
10/16/1995,3562.5,3598,3541.9,3551.4,0,3551.4
10/9/1995,3536.6,3584.7,3442.5,3568,0,3568
10/2/1995,3510.6,3555.3,3502.7,3526.5,0,3526.5
9/25/1995,3514.1,3523.3,3474.6,3508.2,0,3508.2
9/18/1995,3551.3,3569.9,3503.6,3514.8,0,3514.8
9/11/1995,3555.2,3587,3533.6,3564.6,0,3564.6
9/4/1995,3511.9,3563.7,3505.2,3554.5,0,3554.5
8/28/1995,3524.9,3524.9,3470,3509.4,0,3509.4
8/21/1995,3510.3,3540.7,3502.9,3524.9,0,3524.9
8/14/1995,3457.5,3509.8,3433.4,3509.8,0,3509.8
8/7/1995,3474.1,3485.6,3461.8,3467.5,0,3467.5
7/31/1995,3475.6,3505,3448.8,3482.4,0,3482.4
7/24/1995,3413.8,3480.5,3413.8,3468.9,0,3468.9
7/17/1995,3430.5,3448.7,3382.1,3413.1,0,3413.1
7/10/1995,3472.6,3487.8,3419.6,3429.2,0,3429.2
7/3/1995,3310.2,3462.9,3300.4,3462.9,0,3462.9
6/26/1995,3364.8,3364.8,3265.5,3314.6,0,3314.6
6/19/1995,3363.9,3404.2,3358.8,3379.4,0,3379.4
6/12/1995,3328.1,3383.3,3328,3366.1,0,3366.1
6/5/1995,3338.6,3395,3335.6,3337.7,0,3337.7
5/29/1995,3311.1,3353.2,3301.4,3345,0,3345
5/22/1995,3265.1,3360.8,3264.7,3311.1,0,3311.1
5/15/1995,3310.5,3324.8,3253.9,3261,0,3261
5/8/1995,3251.7,3326.2,3248.9,3310.3,0,3310.3
5/1/1995,3212.8,3288.2,3211.2,3251.7,0,3251.7
4/24/1995,3199.8,3241.5,3176.3,3216.7,0,3216.7
4/17/1995,3208.8,3208.8,3162.2,3199.9,0,3199.9
4/10/1995,3210.8,3216.2,3187.2,3208.8,0,3208.8
4/3/1995,3134.2,3221.8,3129.5,3210.9,0,3210.9
3/27/1995,3159,3185.6,3111.3,3137.9,0,3137.9
3/20/1995,3080.5,3169.2,3080.5,3153.4,0,3153.4
3/13/1995,3029.6,3105.4,3008.6,3089.3,0,3089.3
3/6/1995,3018.7,3021.2,2958.6,3021.1,0,3021.1
2/27/1995,2998.2,3047.4,2998.2,3025.1,0,3025.1
2/20/1995,3030.4,3049.3,3006.8,3037.7,0,3037.7
2/13/1995,3105.1,3108.3,3041,3044.2,0,3044.2
2/6/1995,3075,3114.6,3060.7,3109.9,0,3109.9
1/30/1995,3021.3,3059.7,2983.4,3059.7,0,3059.7
1/23/1995,2968.8,3022.7,2949.4,3022.2,0,3022.2
1/16/1995,3068.5,3084.4,2989,2995,0,2995
1/9/1995,3064.9,3075,3016.1,3048.3,0,3048.3
1/2/1995,3065.5,3072.1,3019.9,3065,0,3065
12/26/1994,3083.4,3109.7,3062.9,3065.5,0,3065.5
12/19/1994,3026.8,3095.6,3026.5,3083.4,0,3083.4
12/12/1994,2978.1,3013.6,2938.8,3013.6,0,3013.6
12/5/1994,3028.2,3037.4,2976.7,2977.3,0,2977.3
11/28/1994,3039.9,3081.4,3011.6,3017.3,0,3017.3
11/21/1994,3126.1,3128.4,3010.1,3033.5,0,3033.5
11/14/1994,3076.9,3168.1,3069.5,3131,0,3131
11/7/1994,3077,3109.1,3048.4,3075.9,0,3075.9
10/31/1994,3097.5,3111.5,3069.5,3097.6,0,3097.6
10/24/1994,3039.6,3083.9,2985.6,3083.8,0,3083.8
10/17/1994,3100.6,3132.7,3016.4,3032.8,0,3032.8
10/10/1994,3009.7,3151.2,3009.7,3106.7,0,3106.7
10/3/1994,3024.3,3025.2,2950.2,2998.7,0,2998.7
9/26/1994,3017.1,3040.9,2986,3026.3,0,3026.3
9/19/1994,3059.9,3085.3,2999.2,3028.2,0,3028.2
9/12/1994,3138.6,3141.2,3064.6,3065.1,0,3065.1
9/5/1994,3214.1,3253.4,3134,3139.3,0,3139.3
8/29/1994,3265.1,3280,3215.4,3222.7,0,3222.7
8/22/1994,3198.3,3265.3,3161.1,3265.1,0,3265.1
8/15/1994,3147.6,3201.5,3138.7,3191.4,0,3191.4
8/8/1994,3161.7,3184.6,3110.7,3142.3,0,3142.3
8/1/1994,3077.8,3172.8,3075.8,3167.5,0,3167.5
7/25/1994,3110.7,3132.8,3069.7,3082.6,0,3082.6
7/18/1994,3072.6,3123.2,3060.5,3114.7,0,3114.7
7/11/1994,2957.9,3078.4,2957.4,3074.8,0,3074.8
7/4/1994,2938.3,2978.2,2938.3,2962.4,0,2962.4
6/27/1994,2844.7,2961.9,2844.7,2936.4,0,2936.4
6/20/1994,2989.9,2989.9,2874.7,2876.6,0,2876.6
6/13/1994,3059.2,3059.2,3004.4,3022.9,0,3022.9
6/6/1994,2994.7,3055.9,2993.9,3055.9,0,3055.9
5/30/1994,2966.4,3004.4,2925,2997.8,0,2997.8
5/23/1994,3129.5,3129.9,2959.5,2966.4,0,2966.4
5/16/1994,3112.9,3157.5,3106.8,3127.3,0,3127.3
5/9/1994,3097.1,3147.7,3080.7,3119.2,0,3119.2
5/2/1994,3125.3,3133,3056.2,3106,0,3106
4/25/1994,3134.4,3167.3,3105.6,3125.3,0,3125.3
4/18/1994,3185.4,3191.4,3090.1,3133.7,0,3133.7
4/11/1994,3114.6,3180.7,3113.2,3168.3,0,3168.3
4/4/1994,3086.4,3145.4,3047,3120.8,0,3120.8
3/28/1994,3110.7,3150.2,3061.9,3086.4,0,3086.4
3/21/1994,3212.7,3224.6,3088.5,3129,0,3129
3/14/1994,3203,3269.5,3197.7,3218.1,0,3218.1
3/7/1994,3287,3316.1,3190.1,3191.9,0,3191.9
2/28/1994,3287.4,3328.8,3195.7,3278,0,3278
2/21/1994,3353.5,3371.9,3243.4,3281.2,0,3281.2
2/14/1994,3373.2,3437.6,3350.2,3382.6,0,3382.6
2/7/1994,3405.7,3471.7,3349.3,3378.9,0,3378.9
1/31/1994,3458.1,3539.2,3458.1,3475.4,0,3475.4
1/24/1994,3486.7,3487.4,3403.3,3447.4,0,3447.4
1/17/1994,3405.4,3496.1,3397.4,3484.2,0,3484.2
1/10/1994,3465.7,3468.1,3356.9,3400.6,0,3400.6
1/3/1994,3418.4,3446.8,3355.3,3446,0,3446
12/27/1993,3412.3,3480.8,3412.3,3418.4,0,3418.4
12/20/1993,3340.3,3412.4,3333.1,3412.3,0,3412.3
12/13/1993,3258.4,3350.8,3243.3,3337.1,0,3337.1
12/6/1993,3229.9,3300.1,3218.4,3261.3,0,3261.3
11/29/1993,3106.1,3258.3,3106,3234.2,0,3234.2
11/22/1993,3100.6,3123.4,3050.6,3111.4,0,3111.4
11/15/1993,3095.2,3138.3,3082.9,3108,0,3108
11/8/1993,3090.6,3115,3065.1,3099.1,0,3099.1
11/1/1993,3170.7,3176.2,3083.3,3085.6,0,3085.6
10/25/1993,3195.2,3195.2,3146.5,3171,0,3171
10/18/1993,3126.5,3199.2,3123.8,3199,0,3199
10/11/1993,3107.5,3126.7,3067.5,3120.8,0,3120.8
10/4/1993,3033,3116.3,3033,3108.6,0,3108.6
9/27/1993,3001.2,3045.4,3001.1,3037.5,0,3037.5
9/20/1993,3001.4,3018.4,2975,3005.2,0,3005.2
9/13/1993,3039.9,3041.6,2985.1,3005.5,0,3005.5
9/6/1993,3052.8,3063.4,3022.1,3037,0,3037
8/30/1993,3100.6,3115.1,3057.2,3057.3,0,3057.3
8/23/1993,3050.2,3103.7,3035.6,3100.6,0,3100.6
8/16/1993,3002,3089.2,3001.8,3057.6,0,3057.6
8/9/1993,2973.4,3022.4,2964.5,3010.1,0,3010.1
8/2/1993,2920,2974.4,2919.5,2969.8,0,2969.8
7/26/1993,2831.2,2939.5,2831.2,2926.5,0,2926.5
7/19/1993,2826.4,2849,2801.2,2827.7,0,2827.7
7/12/1993,2842.7,2851.4,2822.4,2833,0,2833
7/5/1993,2853.2,2858.2,2829.2,2843.2,0,2843.2
6/28/1993,2892,2906.7,2857,2857.7,0,2857.7
6/21/1993,2868.3,2917.2,2868.3,2887.5,0,2887.5
6/14/1993,2863.1,2891.6,2863,2879.4,0,2879.4
6/7/1993,2830.4,2870.9,2830.1,2861.8,0,2861.8
5/31/1993,2840.7,2868.7,2829.8,2829.9,0,2829.9
5/24/1993,2812.4,2860.5,2804.3,2840.7,0,2840.7
5/17/1993,2847,2869.2,2801.1,2812.2,0,2812.2
5/10/1993,2793.5,2867.4,2793.5,2847,0,2847
5/3/1993,2813.1,2822.9,2772.2,2793.7,0,2793.7
